id,script_type,word_count,cleaned_text,english_translation,french_translation,verified_algerian_darija,regional_variant,reviewer_notes
dz_corpus_0001,latin,143,´Leurope politiques qui pensaient arriver en Algerie par l’enlèvement l’écartement de l’islam les algériens pensaient que le problème réside en langue française le français pensait que le problème de l’entente c’est la langue arabes lpour usa et autres le problème est l’islam le chinais pensait apprendre la raves l’algérois il peut composer avec les Algeriensmais il pense enlever l’islam pour mieux convaincre lalgeriens ! Tout cette ratatouilles c’est tester les faiblesses des musulmans ! Et ils sont oublier les frontières humain s c’est chacun connait ses limites par sa croyance en Dieu le repère la boussole et la carte se lise par les trois endroits cultes de dieu l’éternel unique religions ibrahim qui avait la gestions des trois cultes vous a appeler musulmans tous soumis à dieu et à son livre pour chaque communauté respectez et obéir au prophète c’est obéir adieu l’éternel,,,,,
dz_corpus_0002,latin,5,MRA.femme fla algérienne de sang.bravo'bravo'bravo..,,,,,
dz_corpus_0003,arabic,6,مي راكم قراب بزاف من بعضاكم,,,,,
dz_corpus_0004,latin,25,Yawdi machi nafs dzair li rana 3ychin fiha .. hna ki tkon b drahmk t3ich lah ybark .. a7kolna 3la zawali ida tkhrj 3lih dzair,,,,,
dz_corpus_0005,arabic,9,انتوما ما شي مهابل خويا جمال راكم على صح,,,,,
dz_corpus_0006,arabic,56,تعجبني الحاجة لي يتافقو عليها كامل الضيوف في هاذ البودكاست انو تتغرب في صغرك حتا تلايم دراهم ملاح تخبيهم وتهبطهم لدزاير وتهبط نهار تتزوج او على الاقل نهار يزيدلك ولد لول بسك البيئة لتم متقدرش تربي فيها ولادك ، ول كاين ثاني لي قال انو يهبط لبيئة مسلمة اكثر تطورا وهذي.نتفق معاكم فيها وبشدة ماشاء الله,,,,,
dz_corpus_0007,arabic,15,ماشفتش في التعليقات صحاب الحجاب و الجلباب و استري روحك؟! الدراهم و الجنسية يفروا كلش,,,,,
dz_corpus_0008,arabic,30,والله راني في 18سنة في الغربه تع صح مشي فرنسا وفي قلبي ندير نفس الشيء والله يوفقك اختي واصلي وإنشاء الله نلحق بيك ونبنو بلادنا ونحسنو وضع الاجتماعي لشبابنا ❤,,,,,
dz_corpus_0009,arabic,22,لي راحوا لفرنسا باش يخدموا عند الناس و لي يبيع الدخان و يخلي بلادوا لي يقدر يعيش فيها كما يحب هو المهبول,,,,,
dz_corpus_0010,arabic,13,لحجا لي راهي بانت ريحتها بإذن الله البلاد يولو يجريو باش يستثمر فبها,,,,,
dz_corpus_0011,arabic,6,هادي شاطرا علبالها واش رهي دير,,,,,
dz_corpus_0012,arabic,13,لي شوفكم تهدرو. هكا يقول رانا في حرب اهلية خلو شوية قيمة بلادكم❤,,,,,
dz_corpus_0013,arabic,14,ماشاء الله يعطيك الصحة وان شاء الله حتى حنا ندخلوا لبلاد ونخدموا بلادنا 🤲,,,,,
dz_corpus_0014,arabic,20,لو تحطونا روابط المواقع نتاعها ربي يبارك عليها مشاء الله باينة متربية وواعية واش راهي دير تحية لوالديها الي رباوها,,,,,
dz_corpus_0015,latin,20,Bravo Rym je te souhaite bonne chance et bon courage a tes projets et inchallah rabi t'ouvre toutes les portes,,,,,
dz_corpus_0016,arabic,13,ان شاءالله الشباب تعنا لي راهم فالخارج يكونو كيفك يخممو في تطوير بلادنا,,,,,
dz_corpus_0017,arabic,38,ناس غالطة ليس اوروبا لي ترزق ربي هو الرزاق سبحانه وتعالى كاين لي عاش حياته في اوروبا يخدم ويطيح تقريب 40 سنة سكنة معندهش وكاين لي عايش في الجزائر خدم سنتين ربي افتح عليه الخيرات من كل جهة,,,,,
dz_corpus_0018,arabic,179,اوروبا و أمريكا و صهاينة، يعملون ليلا نهارا بإعلامهم و حرب نفسية و مغالطات و خلق ارهاب و معارضين لزعزعة استقرارك في بلدك،،كل هذا من أجل تكريه مواطن من بلده و تهريب أذمغة و بفتح ذراعيها كي تتطور علميا و تصبح قوة عضمى كي تتحكم و تسيطر و تحطم بلدك، انتم ايها أذمغة عرب من تحطمون بلدكم بدعمك لدول أوروبية، و نهوض بها، من أجل ماذا أموال طائلة تشتريكم بها، بدلا من بقاء في بلدكم و تطويرها، انت من تصنعون تلك دول و تعظيمها، كي تكون أسياد على بلدكم، في قديم لما بقي علماء في بلدهم، طوروها و كنت دول أوروبية هي من تأتي الينا، لكن انتم من حطمتمونا، سوف تسألون عن تلك حروب التي مولتومها بطريقة غير مباشرة، في غزة و عراق ووو، يكفيك انك تعمل لصالح كفار لتهديم مسلمين، حضر إجابة يوم تسأل بين يدي الله، انا ذهبت زيارة فقط إلى أوروبا، لكن اخترت ابقى في بلدي، لأن أوروبا باعة في كذب و ترويج لبلادها، حتى و تكون جنة فوق ارض، لن اذهب اخدمها من أجل تخرب بلادي و تتحكم و تسيطر على عالم، تحيا جزائر ❤,,,,,
dz_corpus_0019,latin,13,Une beauté interne et externe exceptionnel ❤❤❤ j vais essayerai inchallah ton shampoing,,,,,
dz_corpus_0020,arabic,88,الا فضل هداك بو شيلة يحاول يهدر بالغربية لان الفخرنسيس يضحكوا عليه ثم مكاش فرنساوي يههدر العربية أو الامازيغية البنت مادام مولودة فى فخرنسا لا تلام اما انت يا بوشملة فكر كلما نطقت بكلمة فخرنسية يضحكون عليك إلى حد القهقهة ، للتذكير اللغوة الفخرنسية هي المفضلة عند الشواذ جنسا ذكورا وإناث ثم غالبية المتعلمين بهذه اللغوة عالم ثالث ، زاءظ فى الول عشرة اللسانيات المستعملة فى مجالات البحث العلمي والتكنولوجيا الحديثة والتواصل لا توجد الفخرنسية بين العشرة الأوائل، من جزائري امازيغي مسلم ابن شهيد عايش في بريطانيا العظمي,,,,,
dz_corpus_0021,arabic,4,شكون جا في 2026,,,,,
dz_corpus_0022,arabic,17,انا كي كنت صغير كنت نخاف نتفرجو هكذاك و نتفرجو وضك في 2026 مزلت نخاف منو 😂😂😂,,,,,
dz_corpus_0023,arabic,5,03/07/2026 راني وحدي هنا 🤷‍♂️,,,,,
dz_corpus_0024,arabic,4,راني وحدي...؟؟! ❤ 06/05/2026,,,,,
dz_corpus_0025,arabic,10,الله يبارك موهبة مداتش حقها مليحة والله يستاهل عالمية بافكارو,,,,,
dz_corpus_0026,arabic,9,ياااه كي كنت صغيرة كنت دايما مع هذا الفيديو,,,,,
dz_corpus_0027,arabic,5,😂😂😂😂😂😂😂😂لي فامبير من سوق الجمعة,,,,,
dz_corpus_0028,arabic,12,جمعي فاميلي، عاشور العاشر و اميجينيو الحاجات الوحيدة لي نشوفها فالتلفزيون الجزائري,,,,,
dz_corpus_0029,arabic,18,تامنوا بلي كي كنت صغيرة كنت نخاف من هذا المقطع ودكا راني في 2026 والله ما راني مامنه,,,,,
dz_corpus_0030,arabic,5,شكون جا يتفرج مي 2030,,,,,
dz_corpus_0031,arabic,4,شكون راه في 2026❤,,,,,
dz_corpus_0032,arabic,4,شكون راهو يشوف 2026😂😂,,,,,
dz_corpus_0033,arabic,5,الفيديو راه مل 2016 يلجماع,,,,,
dz_corpus_0034,arabic,5,شكون راه يتفرج في 2026,,,,,
dz_corpus_0035,latin,12,Ra7li l'vibe li kont n7so ki nkon ntfrj had la védeo kberna💔,,,,,
dz_corpus_0036,arabic,10,خاوتي هدا الفيديو ملي هبط وهو عندو 9 سنين ؟!!,,,,,
dz_corpus_0037,arabic,4,شكون راه يتفرج في1914,,,,,
dz_corpus_0038,arabic,5,شكون راه يتفرج في 2025,,,,,
dz_corpus_0039,arabic,5,شكون راه يتفرج 2025 😂😂😂😂,,,,,
dz_corpus_0040,arabic,7,شكون جا من دو ميل فا نتسات,,,,,
dz_corpus_0041,arabic,4,راني 2026جيت نسترجع ذكريات😢,,,,,
dz_corpus_0042,arabic,4,شكون جا من 2050,,,,,
dz_corpus_0043,arabic,4,انا 2025جيت نسترجع ذكريات,,,,,
dz_corpus_0044,latin,5,ba3na les beignets ensembles hahahahahaha,,,,,
dz_corpus_0045,latin,16,Nous marocains ons se donne le droit d'insulter les dz mais ons laisse personne les insulté,,,,,
dz_corpus_0046,latin,10,Dz = le pays des ZHOMMES et de la DIGNITÉ.,,,,,
dz_corpus_0047,latin,33,Mdr les dembeles toujours racistes et jaloux des dz la plupart des femmes blanches que tu as interrogé ont dit que du bien par contre les blacks que du mal cherche l erreur,,,,,
dz_corpus_0048,latin,4,DZ ❌ MAROCAIN ✅,,,,,
dz_corpus_0049,latin,15,Nous les ALGÉRIENS là où nous sommes on marque notre territoire..... ici c'est les DZ.,,,,,
dz_corpus_0050,latin,18,Les femmes 2 noires qui disent que les Dz sont moches devraient ce regarder dans un miroir mdrr,,,,,
dz_corpus_0051,latin,6,On n'es des waytos saha maalich,,,,,
dz_corpus_0052,latin,17,Les algeriens c'est un peu des noirs americains coinces dans des corps de blancs. Wesh mon kho.,,,,,
dz_corpus_0053,latin,58,"en tout CAS vous vous laissez bien faire par Vos dirigeants Algeriens vieux, seniles, dictateurs, trompes et volent le peuple Algeriens, le peuple Algeriens est obliger des faire la queue comme autant de la guerre pour acheter du laits, l'huiles, pommes de terre ect ... Sans rajouter Les coupures d'eau dans certaine villes D'Algerie, 123 que fait L'Algerie!",,,,,
dz_corpus_0054,arabic,22,سبحان الله رانا ف 2026 ما تبدل والو و خرج صاحب مقولة 300 الف خير من 50 اورو شحااال تغيض حال لبلاد,,,,,
dz_corpus_0055,arabic,7,7:55 2026 و ماتبدل والو خخخخخ 🤣🤣,,,,,
dz_corpus_0056,arabic,15,الله ورسول محمد والمومينين والمسلمين منا العالمين و الحمد لي رب العالمين امين رحيم عادل❤,,,,,
dz_corpus_0057,latin,6,lyamet hhhhhhhhhhhhhh ...anes habaa maf9oudaaa hhhhhh,,,,,
dz_corpus_0058,arabic,6,رك تڨول في الصح خويا الزعيم,,,,,
dz_corpus_0059,arabic,5,لي ماشي ألجيريا تحشاتلو ❤,,,,,
dz_corpus_0060,arabic,13,"9 سنوات، ومازال احد لم يأت بمثل ما أتيت به ""الرسالة، راني زعفان،...""",,,,,
dz_corpus_0061,arabic,10,ههه شكون جا في عهد تبون ومزالها الدعوة هي هي,,,,,
dz_corpus_0062,arabic,13,نهار كانت حرية التعبير ...فيلم كيما هذا في 2026يكلف مولاه خمس سنين حبس,,,,,
dz_corpus_0063,arabic,10,يخي عبد قلت لك انا ضد هذا التهريج تاع شكوبي,,,,,
dz_corpus_0064,arabic,6,لي راهو في 2025يخبط جام 😂😂😂😂,,,,,
dz_corpus_0065,arabic,11,خاوتي جيتكم مالمستقبل بثمن سنين و الحالة غير تزيد تسوء 😢😢,,,,,
dz_corpus_0066,arabic,6,انس تحياتي الحارة من قسنطينة ❤,,,,,
dz_corpus_0067,arabic,35,رسالة لي الرجال ءنا رني نطيح لقيت الشعب الجزايري لي كان راجل فرشتو الدولة الجزائرية تع زبي لي خيالهوم يخفو منو رجعو نصف الشعب الجزايري بارد يقتل هدي هيا الحقيقة ولي معجبوش الحال نيك يماه,,,,,
dz_corpus_0068,arabic,66,هدا مساج لقاو شعب الجزايري طحان ءو فرحان حشا لي ميستهلهاش دولة زبي حشا الرجال ترحو كي لكلاب باش الدولة الجزائرية زعما تعطيكوم تعطي لي عندو يازوامل تدو زبي ولي يقول ءنا بلاد الشهداء نيك يماه حشا لي متو ولي رهوم في السجون ولي رهوم دخلين في قشرهوم شعب زبي حشا الرجال ءو كي قلت حشا الرجال تسما مكله تخباو مور كلمت حشا الرجال يولد لقاحب,,,,,
